user_id,genres
hajam09@yahoo.com,Activities Adventure Stories Amusements Antiques
oliverqueen1@gmail.com,Adventure Stories Auditing Baggins Church Work With Youth
oliverqueen12@gmail.com,Activities Biography Brothers
seurat@optonline.net,Adventure Stories Biography Graphic Novels Mice Reference Religion
adillon@msn.com,Brothers And Sisters ChildrenS Plays Crafts Home Plant Hybridization Poetry
dkrishna@att.net,Adventure Stories Antiques History
geekoid@icloud.com,Drama Fantasy Fiction Law Mathematics Neural Networks Computer Science Young Adult Fiction
warrior@comcast.net,Adventure Stories History Law Shipwrecks Travel
kingma@verizon.net,Architecture Art Autobiography Church Work With Youth Crafts Engineering Neural Networks Computer Science Political Science Star Wars Films
caidaperl@outlook.com,Architecture Biography Brothers Church Work With Youth Collectibles Mice Philosophy
duncand@mac.com,Auditing Brothers And Sisters Commerce Frodo Fictitious Character Music New Zealand Reference
godeke@hotmail.com,Cats ChildrenS Stories Graphic Novels Neural Networks Computer Science Performing Arts Pets Religion
knorr@optonline.net,ChildrenS Plays Economics Pets Plant Hybridization
magusnet@optonline.net,Auditing Brothers Middle Earth Imaginary Place Philosophy SelfHelp
storerm@att.net,Autobiography Comics Commerce Cooking Java Computer Program Language Reference Social Policy Social Science Star Wars Films
dobey@yahoo.ca,Business Frodo Fictitious Character Home Juvenile Nonfiction Law
fglock@me.com,Activities Computers Cooking Dressmaking Fantasy Fiction Fiction Frodo Fictitious Character Truck Driving
naoya@comcast.net,Architecture Autobiography Plant Hybridization Poetry Reference Religion
novanet@yahoo.ca,Java Computer Program Language Language Arts Mathematics Technology
chaki@yahoo.ca,French Language Graphic Novels Humor Medical Neural Networks Computer Science Philosophy
sethbrown@att.net,Adventure Stories Baggins Business Computers Fiction Middle Earth Imaginary Place Pets Technology
howler@sbcglobal.net,Economics Mice Religion Shipwrecks Young Adult Fiction
singer@live.com,Autobiography ChildrenS Plays House Java Computer Program Language Juvenile Fiction New Zealand Performing Arts Technology
ahmad@verizon.net,French Language Java Computer Program Language Middle Earth Imaginary Place Political Science SelfHelp Young Adult Fiction
smartfart@hotmail.com,Amusements Disciplines Graphic Novels Shipwrecks Travel
kohlis@hotmail.com,Activities Disciplines English French Language Games
dwheeler@me.com,Collectibles Economics Fantasy Fiction History Religion Technology Travel
mjewell@aol.com,Juvenile Nonfiction Performing Arts Political Science Star Wars Films
yxing@msn.com,Architecture Commerce Foreign Language Study French Language Hobbies Literary Criticism Machine Learning
paulv@msn.com,Architecture Church Work With Youth Crafts Disciplines Engineering SelfHelp Travel Young Adult Fiction
kildjean@outlook.com,ChildrenS Plays Church Work With Youth Commerce Foreign Language Study Medical Political Science Religion Science Travel
ijackson@icloud.com,Chocolate Industry Collectibles Mathematics Performing Arts
meinkej@hotmail.com,Brothers And Sisters French Language Humor Shipwrecks Social Science
killmenow@outlook.com,Amusements Architecture ChildrenS Plays Disciplines Fitness Java Computer Program Language Shipwrecks
jonadab@hotmail.com,Architecture Language Arts Machine Learning Music New Zealand
mdielmann@sbcglobal.net,Cats Church Work With Youth Commerce Computers Fantasy Fiction Law Machine Learning Mice Study Aids
mchugh@me.com,ChildrenS Plays Engineering Graphic Novels
bulletin@hotmail.com,Architecture Collectibles Comics Crafts Fiction SelfHelp Social Policy
wildfire@mac.com,Brothers And Sisters ChildrenS Plays Home
frikazoyd@sbcglobal.net,Cats Collectibles Crafts Fiction Frodo Fictitious Character Juvenile Fiction Language Arts Plant Hybridization Young Adult Fiction
hachi@icloud.com,Activities Baggins Neural Networks Computer Science Shipwrecks
darin@att.net,American Drama Antiques Autobiography Chocolate Industry Drama Dressmaking Graphic Novels Machine Learning Political Science
biglou@yahoo.ca,Activities Commerce Economics Home Mice Technology
paley@comcast.net,Biography Engineering Neural Networks Computer Science Psychology Religion
daveed@hotmail.com,Machine Learning Neural Networks Computer Science New Zealand Philosophy Religion SelfHelp Star Wars Films
bancboy@msn.com,Chocolate Industry Economics Neural Networks Computer Science Poetry Psychology
tellis@icloud.com,Crafts Fiction Home Middle Earth Imaginary Place
hling@mac.com,Autobiography Frodo Fictitious Character Study Aids
slanglois@yahoo.com,Art Middle Earth Imaginary Place Music Political Science Star Wars Films Young Adult Fiction
janneh@live.com,American Drama Church Work With Youth Young Adult Fiction
bogjobber@yahoo.com,Baggins Cats Crafts Education Frodo Fictitious Character Home Law
jonas@sbcglobal.net,American Drama Amusements Computers English Law Literary Criticism New Zealand Philosophy
syncnine@live.com,Antiques Crafts Drama House Humor Mice Music
hermes@optonline.net,Chocolate Industry Fitness Law Pets Social Policy Technology
agapow@comcast.net,Baggins ChildrenS Stories Church Work With Youth Foreign Language Study French Language Juvenile Nonfiction Plant Hybridization Poetry Psychology
sriha@yahoo.ca,Auditing ChildrenS Stories Drama Mathematics Middle Earth Imaginary Place Science
rgiersig@yahoo.ca,Australia Java Computer Program Language Medical Philosophy Poetry Social Science Technology
drjlaw@hotmail.com,Commerce Education Mathematics Middle Earth Imaginary Place Neural Networks Computer Science Reference Science Social Policy
calin@me.com,Biography Church Work With Youth Fitness Psychology
kayvonf@msn.com,Activities Art Baggins Drama Fitness Pets Shipwrecks Star Wars Films
dbindel@verizon.net,Architecture Art Dressmaking History Home Juvenile Nonfiction Shipwrecks
panolex@yahoo.ca,Architecture Brothers Language Arts Science
miami@aol.com,Antiques Architecture Auditing Chocolate Industry Comics Computers Disciplines Fantasy Fiction French Language
nacho@outlook.com,Autobiography Fantasy Fiction Graphic Novels House Java Computer Program Language Juvenile Fiction Middle Earth Imaginary Place
hmbrand@gmail.com,Brothers And Sisters Cooking Crafts Dressmaking Engineering Fiction Graphic Novels Language Arts Travel
parkes@msn.com,Activities Collectibles English Machine Learning Medical Star Wars Films
seurat@yahoo.ca,Autobiography Games Mice Religion
hager@icloud.com,Computers Philosophy Plant Hybridization
liedra@yahoo.ca,Disciplines Dressmaking Performing Arts Social Policy
presoff@gmail.com,Comics Fiction Java Computer Program Language Travel Young Adult Fiction
adhere@yahoo.ca,American Drama Architecture Fiction Language Arts Medical Religion
aegreene@mac.com,Architecture ChildrenS Plays ChildrenS Stories Computers Economics Frodo Fictitious Character History Juvenile Nonfiction
webinc@mac.com,Computers Games Home Literary Criticism Psychology Reference Star Wars Films
claesjac@icloud.com,Baggins ChildrenS Plays Disciplines Fiction Hobbies Pets Religion Science Star Wars Films
anicolao@me.com,Adventure Stories Antiques Music New Zealand Political Science
miturria@hotmail.com,Fantasy Fiction Fiction Frodo Fictitious Character Mathematics Young Adult Fiction
jwarren@yahoo.ca,Amusements ChildrenS Plays Church Work With Youth Drama Dressmaking Humor Machine Learning Reference
khris@gmail.com,ChildrenS Plays Cooking Fantasy Fiction Literary Criticism Reference
nimaclea@icloud.com,Activities Amusements Drama Games History Pets Plant Hybridization Shipwrecks Truck Driving
durist@live.com,Cooking Disciplines Engineering Fantasy Fiction History Reference
marnanel@mac.com,ChildrenS Stories Literary Criticism Religion
sabren@sbcglobal.net,ChildrenS Plays Chocolate Industry History Java Computer Program Language Medical Performing Arts Science SelfHelp Truck Driving
wenzlaff@hotmail.com,Cats ChildrenS Stories Health
onestab@optonline.net,American Drama Architecture Art Australia Disciplines Juvenile Fiction Political Science Psychology
duchamp@live.com,Architecture Chocolate Industry Graphic Novels Law Performing Arts Pets Psychology Shipwrecks Star Wars Films
sravani@comcast.net,Graphic Novels Home Poetry
smallpaul@hotmail.com,Biography Brothers Chocolate Industry Crafts Engineering Middle Earth Imaginary Place Performing Arts Philosophy
dodong@mac.com,Brothers And Sisters Frodo Fictitious Character Home Juvenile Fiction Philosophy Religion Shipwrecks
tedrlord@att.net,ChildrenS Stories French Language Health Home Law Machine Learning Plant Hybridization Psychology Young Adult Fiction
knorr@icloud.com,Economics Foreign Language Study Poetry Social Science
crobles@aol.com,Activities American Drama Brothers Church Work With Youth Drama Law Mice Plant Hybridization Poetry
falcao@att.net,Activities Autobiography Computers Humor Java Computer Program Language Travel
simone@icloud.com,Australia Computers French Language Medical Science
kronvold@sbcglobal.net,Comics Commerce Education French Language History Juvenile Fiction Middle Earth Imaginary Place Psychology Reference
cfhsoft@optonline.net,Antiques Art Brothers And Sisters Cats Computers Education Religion Truck Driving
keijser@comcast.net,American Drama Commerce Economics English Fantasy Fiction Plant Hybridization Religion SelfHelp Technology
mgreen@live.com,Antiques Brothers And Sisters Cats Comics Juvenile Fiction Juvenile Nonfiction Psychology Star Wars Films Study Aids
dialworld@live.com,Art Business Church Work With Youth Fantasy Fiction Games
kassiesa@me.com,Brothers Education Foreign Language Study House Machine Learning Poetry Shipwrecks
miltchev@gmail.com,Adventure Stories American Drama Art Baggins Foreign Language Study Graphic Novels History Medical
fmerges@yahoo.ca,Art Brothers Comics Frodo Fictitious Character Juvenile Fiction Medical
thowell@verizon.net,Baggins Computers Health Java Computer Program Language Language Arts Mathematics Young Adult Fiction
sthomas@att.net,American Drama Fantasy Fiction Frodo Fictitious Character Health SelfHelp
overbom@gmail.com,Amusements Antiques Auditing ChildrenS Stories Collectibles Engineering Java Computer Program Language Study Aids Technology
kjohnson@comcast.net,Baggins Chocolate Industry House Science
stefano@msn.com,Adventure Stories American Drama Amusements Architecture English Humor Juvenile Fiction Reference SelfHelp
sagal@sbcglobal.net,ChildrenS Plays Collectibles Engineering French Language Language Arts Middle Earth Imaginary Place Study Aids Truck Driving
jgoerzen@yahoo.ca,Adventure Stories Autobiography ChildrenS Plays Dressmaking Education Mathematics Middle Earth Imaginary Place Study Aids
schumer@mac.com,Art Fiction Hobbies Home Mathematics Middle Earth Imaginary Place Neural Networks Computer Science
elmer@aol.com,ChildrenS Plays Performing Arts Shipwrecks
gerlo@yahoo.com,Antiques Auditing Commerce Fantasy Fiction Humor Mathematics Shipwrecks Study Aids
sblack@msn.com,Brothers And Sisters Middle Earth Imaginary Place Music Plant Hybridization
jfreedma@verizon.net,Autobiography Commerce Drama Hobbies Mice Psychology
gilmoure@verizon.net,ChildrenS Plays ChildrenS Stories English Fitness Home Law Poetry Religion Star Wars Films
tfinniga@optonline.net,Australia Brothers And Sisters Music New Zealand Performing Arts Truck Driving
parrt@mac.com,Adventure Stories American Drama Antiques Education Humor Java Computer Program Language Juvenile Fiction
bartlett@att.net,Chocolate Industry Church Work With Youth French Language Graphic Novels Health Law Mathematics Social Science Young Adult Fiction
denism@yahoo.com,Computers Games Home Social Science
crypt@optonline.net,Crafts Fitness History Hobbies Law Neural Networks Computer Science Pets Political Science Study Aids
hakim@comcast.net,Comics Games History Language Arts Music Science Technology
jamuir@comcast.net,Australia Computers Graphic Novels History Hobbies Home Mice Political Science Religion
jdhildeb@live.com,Activities Art Mice
dexter@hotmail.com,Architecture Collectibles History House Mathematics Music Study Aids
rfoley@yahoo.ca,American Drama Fitness French Language History Juvenile Fiction Medical
wainwrig@outlook.com,Art Cats Commerce Disciplines Science SelfHelp Social Science
ylchang@sbcglobal.net,Fantasy Fiction Middle Earth Imaginary Place Performing Arts Star Wars Films
wmszeliga@optonline.net,ChildrenS Plays Cooking Crafts Drama Frodo Fictitious Character Middle Earth Imaginary Place
panolex@comcast.net,Brothers Foreign Language Study Graphic Novels Pets
iapetus@icloud.com,American Drama Amusements Shipwrecks
grothoff@outlook.com,Commerce English Neural Networks Computer Science Science Travel
wetter@live.com,Biography Cooking English Java Computer Program Language Law Pets
duncand@hotmail.com,Art Foreign Language Study Language Arts Poetry Truck Driving
cliffordj@outlook.com,History House Juvenile Nonfiction Mice Philosophy
matloff@live.com,Activities Graphic Novels Social Science
russotto@msn.com,Activities Biography Church Work With Youth Frodo Fictitious Character Health Humor Music New Zealand Performing Arts
hahsler@att.net,Brothers French Language Juvenile Nonfiction Mice Social Policy
jmorris@sbcglobal.net,Biography Education Machine Learning
podmaster@live.com,Antiques History Mice
spadkins@yahoo.com,Business House Humor Language Arts New Zealand Poetry Social Policy Young Adult Fiction
schumer@yahoo.com,History Hobbies Pets
salesgeek@live.com,Australia Commerce Crafts Economics Music Social Policy Travel
dhwon@aol.com,Architecture Education New Zealand Psychology
sburke@hotmail.com,Engineering Fiction Juvenile Nonfiction Science SelfHelp Social Policy Study Aids Technology Young Adult Fiction
phyruxus@att.net,Biography Fantasy Fiction Technology
weazelman@msn.com,Activities Australia Foreign Language Study Philosophy Poetry Social Policy Travel Young Adult Fiction
phizntrg@att.net,Cats Dressmaking Health Social Science Study Aids
jmorris@att.net,Activities Cats French Language Literary Criticism
morain@comcast.net,Australia Drama Shipwrecks Study Aids Truck Driving
lamky@sbcglobal.net,Brothers Drama Literary Criticism Young Adult Fiction
matsn@icloud.com,Health Medical Young Adult Fiction
themer@gmail.com,Auditing ChildrenS Stories Engineering Frodo Fictitious Character
draper@hotmail.com,Antiques Architecture Brothers And Sisters Dressmaking Economics Law Psychology Star Wars Films
kudra@icloud.com,Antiques ChildrenS Plays Comics Medical New Zealand Psychology Social Policy
esasaki@me.com,Australia Brothers And Sisters Cats English Frodo Fictitious Character Language Arts Music Travel Young Adult Fiction
mthurn@yahoo.ca,Auditing Cats Dressmaking Middle Earth Imaginary Place Performing Arts Philosophy Reference Study Aids
kjetilk@gmail.com,Activities Amusements Auditing Baggins Chocolate Industry English House Plant Hybridization
sriha@att.net,Amusements Crafts Disciplines English Home Shipwrecks Travel Truck Driving Young Adult Fiction
gravyface@att.net,Auditing Comics Cooking Drama Education Machine Learning Philosophy Religion Young Adult Fiction
brainless@aol.com,Comics Fantasy Fiction Performing Arts Social Policy
johnbob@msn.com,Auditing Cats Disciplines Engineering Humor Music
simone@live.com,Crafts French Language Graphic Novels Medical Religion Star Wars Films Study Aids Truck Driving
mlewan@att.net,Architecture ChildrenS Plays Home Mathematics Plant Hybridization Poetry
lukka@sbcglobal.net,Auditing English Health Home
harpes@verizon.net,Amusements Baggins Dressmaking Hobbies Law Philosophy SelfHelp Young Adult Fiction
bradl@aol.com,Activities Brothers Chocolate Industry Economics English Frodo Fictitious Character Poetry Social Policy
tellis@optonline.net,Cats Cooking Engineering Hobbies Juvenile Fiction Neural Networks Computer Science
gbacon@me.com,French Language Medical Mice Religion Star Wars Films
lbaxter@outlook.com,Home New Zealand Reference Social Policy
killmenow@yahoo.ca,Commerce Economics English Foreign Language Study Hobbies Java Computer Program Language Mathematics Star Wars Films Technology
naoya@att.net,Art Computers Frodo Fictitious Character SelfHelp
martink@icloud.com,Biography Dressmaking Fiction Health Juvenile Nonfiction Medical SelfHelp Star Wars Films
roamer@mac.com,Chocolate Industry Economics Graphic Novels History Machine Learning Mice Neural Networks Computer Science Religion Study Aids
jtorkbob@optonline.net,Australia Business ChildrenS Stories Collectibles Juvenile Nonfiction Language Arts Mice SelfHelp
petersen@outlook.com,Architecture Cats Dressmaking Fiction Frodo Fictitious Character History Middle Earth Imaginary Place Shipwrecks Young Adult Fiction
raides@sbcglobal.net,Dressmaking Health Pets
pereinar@gmail.com,Foreign Language Study French Language History Medical Travel
konit@comcast.net,Architecture Cats Chocolate Industry English French Language Medical New Zealand Religion Technology
tamas@outlook.com,Australia Business Computers French Language Reference Religion Travel
rddesign@yahoo.ca,Activities Adventure Stories Amusements Auditing Biography Hobbies Home New Zealand Study Aids
burns@optonline.net,Biography Neural Networks Computer Science SelfHelp
petersko@verizon.net,Literary Criticism Music Poetry
cvrcek@me.com,Amusements Brothers And Sisters Education
grolschie@me.com,Disciplines Economics Fiction Juvenile Fiction Music Philosophy SelfHelp Truck Driving Young Adult Fiction
skippy@live.com,Amusements Crafts Frodo Fictitious Character Health Law Mice Truck Driving
njpayne@yahoo.com,Collectibles Home Reference Study Aids Young Adult Fiction
szymansk@att.net,Law Philosophy Technology
stewwy@yahoo.ca,Autobiography Crafts English Juvenile Fiction Music Star Wars Films
ajlitt@aol.com,Cats ChildrenS Plays Fantasy Fiction Philosophy
wbarker@live.com,Antiques Business Drama Economics Education Fiction Poetry Science
seebs@optonline.net,Biography Cats Engineering Language Arts Neural Networks Computer Science Political Science Social Policy Social Science
bebing@msn.com,Architecture Baggins Church Work With Youth Commerce Crafts Fitness Middle Earth Imaginary Place Political Science
quantaman@aol.com,Architecture Fiction Graphic Novels Health Hobbies Home Religion
bmorrow@outlook.com,Computers Graphic Novels Social Policy Star Wars Films Young Adult Fiction
weazelman@att.net,Art Chocolate Industry Juvenile Nonfiction Neural Networks Computer Science Pets
kevinm@comcast.net,Baggins Mathematics Pets Technology
seebs@sbcglobal.net,Antiques Baggins ChildrenS Plays Church Work With Youth Literary Criticism Medical Plant Hybridization Science Young Adult Fiction
kjetilk@icloud.com,American Drama Auditing Church Work With Youth Computers Frodo Fictitious Character Juvenile Fiction Religion
cparis@optonline.net,Adventure Stories Australia ChildrenS Stories French Language Language Arts Mice Performing Arts Plant Hybridization Truck Driving
linuxhack@aol.com,Biography Church Work With Youth Comics Dressmaking Java Computer Program Language Pets
kempsonc@icloud.com,Art Computers Cooking Law Neural Networks Computer Science Star Wars Films
mpiotr@outlook.com,Church Work With Youth Commerce Philosophy Reference Study Aids
szymansk@live.com,ChildrenS Plays Dressmaking Foreign Language Study
chronos@live.com,Chocolate Industry Commerce Pets Political Science Psychology Religion SelfHelp Social Science
jgmyers@att.net,Biography Fantasy Fiction Games SelfHelp
ilyaz@comcast.net,Church Work With Youth Crafts Machine Learning New Zealand
geekoid@verizon.net,Brothers Cats Church Work With Youth Comics Philosophy Reference
purvis@outlook.com,Frodo Fictitious Character Language Arts Performing Arts
jdhedden@icloud.com,Autobiography ChildrenS Plays Commerce Mice Political Science Psychology
philen@verizon.net,Auditing Australia Baggins Cooking Dressmaking English Hobbies Middle Earth Imaginary Place
fwitness@optonline.net,Mice Middle Earth Imaginary Place Social Policy Young Adult Fiction
netsfr@live.com,Adventure Stories Fiction House Juvenile Fiction Philosophy Political Science Star Wars Films
crimsane@comcast.net,Amusements English Juvenile Fiction
mbswan@yahoo.com,Biography Collectibles Computers Literary Criticism Young Adult Fiction
scarlet@me.com,Home Music Religion
ccohen@yahoo.com,Auditing ChildrenS Stories Education Foreign Language Study Music
crusader@hotmail.com,Auditing Autobiography ChildrenS Stories Computers Engineering Games Mice New Zealand Star Wars Films
maradine@me.com,Amusements Auditing Australia Disciplines Dressmaking Law Psychology Study Aids
nasarius@outlook.com,Adventure Stories Church Work With Youth Collectibles Social Policy
novanet@comcast.net,ChildrenS Stories Church Work With Youth Drama
claesjac@gmail.com,Australia Brothers Fitness Foreign Language Study Mice Neural Networks Computer Science SelfHelp Star Wars Films Technology
sjmuir@mac.com,Architecture Foreign Language Study Social Policy Travel
kmself@yahoo.ca,Adventure Stories Disciplines Fantasy Fiction Music
geeber@msn.com,ChildrenS Plays Economics Hobbies Literary Criticism Shipwrecks
neuffer@outlook.com,Amusements ChildrenS Plays House New Zealand Pets Poetry Shipwrecks Young Adult Fiction
jimmichie@icloud.com,Antiques Auditing Biography Brothers ChildrenS Plays Frodo Fictitious Character Plant Hybridization Poetry
mwilson@icloud.com,Amusements Baggins Chocolate Industry Comics Drama Games Health Machine Learning
kassiesa@gmail.com,Disciplines English House Humor Plant Hybridization Psychology Young Adult Fiction
pedwards@msn.com,Amusements Comics Juvenile Fiction Middle Earth Imaginary Place Neural Networks Computer Science Psychology Shipwrecks
lstein@comcast.net,Art Commerce Fantasy Fiction Medical Plant Hybridization Reference Travel
mailarc@yahoo.com,Adventure Stories Chocolate Industry Cooking English French Language Humor Mathematics Travel Young Adult Fiction
jhardin@comcast.net,Activities Architecture Collectibles Commerce Fiction Humor
uraeus@icloud.com,Antiques English House Humor Juvenile Fiction Political Science Young Adult Fiction
andersbr@msn.com,American Drama Biography Comics Java Computer Program Language Shipwrecks
spadkins@att.net,Cooking Mathematics Music Political Science
nimaclea@yahoo.com,Chocolate Industry Cooking Graphic Novels New Zealand Performing Arts Reference SelfHelp
raides@aol.com,Activities Art Mice Plant Hybridization
djpig@hotmail.com,Antiques Education Health Machine Learning Pets Plant Hybridization
hachi@verizon.net,Art Brothers ChildrenS Plays House Middle Earth Imaginary Place
dsugal@aol.com,Adventure Stories Cats Cooking Language Arts Law Music Philosophy Reference
elmer@yahoo.com,Baggins Business ChildrenS Stories Frodo Fictitious Character House Juvenile Nonfiction Machine Learning Music Technology
jemarch@hotmail.com,Crafts Disciplines Health History
ralamosm@verizon.net,Adventure Stories American Drama Baggins Brothers And Sisters Literary Criticism Mathematics New Zealand Philosophy Political Science
killmenow@outlook.com,Art ChildrenS Stories Chocolate Industry Crafts Drama Law Music Reference Travel
bmidd@gmail.com,Activities Adventure Stories American Drama Commerce Computers Performing Arts
rnelson@aol.com,Australia Disciplines Education Games Law
stefano@live.com,Fitness Java Computer Program Language Music Social Science Study Aids
corrada@msn.com,House Music Neural Networks Computer Science Religion Star Wars Films
presoff@yahoo.com,Art ChildrenS Plays Chocolate Industry Dressmaking English Games Social Policy
marcs@hotmail.com,Antiques Autobiography English
ranasta@hotmail.com,Business Juvenile Fiction Mice
kosact@aol.com,Autobiography Fitness Neural Networks Computer Science
jbryan@mac.com,Antiques Auditing English Humor
thurston@mac.com,Art Comics New Zealand Plant Hybridization Psychology
emmanuel@yahoo.com,Autobiography Graphic Novels Language Arts Neural Networks Computer Science Poetry Religion SelfHelp Truck Driving
salesgeek@msn.com,Crafts Games Pets Religion SelfHelp
jimxugle@icloud.com,Activities Auditing Collectibles Disciplines Hobbies Home Law Reference
singer@yahoo.com,Autobiography ChildrenS Plays Fiction French Language Middle Earth Imaginary Place Philosophy SelfHelp Social Policy
report@me.com,Auditing Brothers And Sisters Commerce Fiction Mathematics Music Shipwrecks Travel
phizntrg@yahoo.com,Mice Performing Arts Philosophy
earmstro@optonline.net,American Drama Art Brothers ChildrenS Plays History House SelfHelp
squirrel@icloud.com,Activities Antiques Church Work With Youth Commerce Dressmaking House Law Star Wars Films
drjlaw@icloud.com,Business Collectibles Comics Fitness Pets Science
jamuir@verizon.net,American Drama Baggins Biography English Frodo Fictitious Character Java Computer Program Language Religion Star Wars Films
miltchev@sbcglobal.net,ChildrenS Plays ChildrenS Stories Fiction Foreign Language Study Games Java Computer Program Language Juvenile Nonfiction Middle Earth Imaginary Place Poetry
tsuruta@outlook.com,Education Engineering Humor Music Political Science Reference SelfHelp Study Aids
uraeus@aol.com,Engineering Music Neural Networks Computer Science Young Adult Fiction
dwsauder@aol.com,Cooking Economics Political Science
hakim@msn.com,Adventure Stories Brothers Commerce Computers French Language Plant Hybridization SelfHelp Social Science Travel
chronos@comcast.net,Activities Australia House
tmccarth@icloud.com,Cats ChildrenS Stories Collectibles Fantasy Fiction Foreign Language Study Frodo Fictitious Character Games Mice Religion
cumarana@icloud.com,Health Java Computer Program Language Medical Star Wars Films
khris@icloud.com,Music Social Science Travel
ramollin@verizon.net,Antiques Australia Cooking Economics Language Arts Star Wars Films
nighthawk@verizon.net,Commerce Hobbies Juvenile Fiction Language Arts New Zealand
jonas@gmail.com,Antiques Art Business Medical SelfHelp
graham@optonline.net,Adventure Stories Architecture Brothers And Sisters Collectibles Dressmaking Fitness Psychology Shipwrecks
pajas@mac.com,Comics Economics Fantasy Fiction Mice Neural Networks Computer Science Social Policy Study Aids
fraterk@yahoo.com,Chocolate Industry Computers Drama Fantasy Fiction Home Juvenile Nonfiction Music
simone@aol.com,Autobiography French Language Hobbies Juvenile Fiction Juvenile Nonfiction Plant Hybridization
hllam@outlook.com,Church Work With Youth Cooking Drama Economics English Health Literary Criticism Middle Earth Imaginary Place Truck Driving
jmorris@sbcglobal.net,Crafts English SelfHelp
murdocj@verizon.net,Business Health Philosophy Shipwrecks
kingjoshi@sbcglobal.net,Baggins Cats Dressmaking Fantasy Fiction Juvenile Nonfiction Reference
naoya@mac.com,Disciplines English Humor Middle Earth Imaginary Place Pets
stevelim@msn.com,Adventure Stories Auditing Autobiography Baggins Drama English French Language Java Computer Program Language Pets
benits@comcast.net,Antiques Brothers And Sisters Commerce Disciplines Hobbies Language Arts Philosophy SelfHelp Truck Driving
konst@live.com,Antiques Art Chocolate Industry French Language Health Literary Criticism Mice New Zealand
scato@me.com,Adventure Stories American Drama Baggins Drama Fiction Foreign Language Study French Language
tristan@yahoo.ca,American Drama Cooking Foreign Language Study Games Home House Neural Networks Computer Science Shipwrecks
codex@verizon.net,Engineering Foreign Language Study Graphic Novels Hobbies Java Computer Program Language Mice Pets Reference Truck Driving
alastair@sbcglobal.net,Comics French Language Plant Hybridization
jimxugle@optonline.net,Collectibles Fitness French Language Medical Pets Philosophy Social Policy
sokol@outlook.com,Amusements Church Work With Youth Collectibles Graphic Novels House Humor Psychology Travel Young Adult Fiction
denism@yahoo.com,Adventure Stories Juvenile Fiction Mice Music Plant Hybridization
yfreund@att.net,Art ChildrenS Plays Church Work With Youth Collectibles House Humor Mathematics Reference Young Adult Fiction
kostas@yahoo.ca,Adventure Stories Art Juvenile Nonfiction Neural Networks Computer Science
fangorn@icloud.com,Brothers Chocolate Industry Crafts Dressmaking Literary Criticism Political Science Study Aids Truck Driving
rsmartin@live.com,Baggins Juvenile Nonfiction Language Arts Medical Social Policy
karasik@mac.com,Business Collectibles Java Computer Program Language Star Wars Films
nelson@live.com,Auditing Biography Performing Arts Reference SelfHelp
grolschie@sbcglobal.net,Autobiography Commerce Dressmaking Home Mathematics Science Travel
rtanter@live.com,Adventure Stories Architecture Brothers Business Crafts Economics Philosophy Study Aids
comdig@yahoo.ca,ChildrenS Stories Computers Religion
ateniese@sbcglobal.net,Activities ChildrenS Stories Collectibles Comics Disciplines Mathematics Truck Driving
gemmell@me.com,Church Work With Youth Hobbies Social Policy
retoh@hotmail.com,American Drama Cooking Dressmaking French Language Performing Arts Plant Hybridization
arnold@att.net,Frodo Fictitious Character Games Home
jelmer@comcast.net,Antiques Architecture Brothers And Sisters Economics Education Juvenile Fiction Medical Music
ovprit@me.com,Antiques Architecture Autobiography Brothers And Sisters Java Computer Program Language Machine Learning Reference Science Travel
granboul@mac.com,ChildrenS Stories Foreign Language Study Medical SelfHelp Study Aids Young Adult Fiction
ateniese@comcast.net,Cooking Mathematics Poetry
nwiger@icloud.com,Computers Fantasy Fiction Games Law
ianbuck@optonline.net,Cats Games Health Medical Performing Arts
tubesteak@hotmail.com,Australia ChildrenS Plays Comics Dressmaking Economics Fiction Games Pets Political Science
kostas@att.net,Java Computer Program Language Juvenile Nonfiction Mice Science SelfHelp
bmidd@optonline.net,English Law Medical
gordonjcp@icloud.com,Art Fiction Graphic Novels Music Pets Science
jbuchana@aol.com,Adventure Stories Health Machine Learning Mathematics SelfHelp
msherr@icloud.com,Activities Antiques Brothers Fantasy Fiction Travel
bradl@att.net,Baggins Crafts Fantasy Fiction Games Plant Hybridization Social Science
okroeger@aol.com,Adventure Stories ChildrenS Stories Comics English Medical Psychology Travel
bhtower@live.com,Art Fantasy Fiction Machine Learning Political Science SelfHelp Social Science
kohlis@msn.com,Comics Performing Arts Philosophy SelfHelp Shipwrecks Social Science Truck Driving
satch@icloud.com,Adventure Stories Autobiography Church Work With Youth Crafts Fiction Foreign Language Study Hobbies Juvenile Fiction
seemant@att.net,American Drama Art Medical Music Plant Hybridization Shipwrecks
cgreuter@msn.com,Australia Brothers And Sisters Collectibles Health Juvenile Fiction Medical Reference Truck Driving Young Adult Fiction
clkao@hotmail.com,Architecture Auditing Australia Brothers Cooking Drama Graphic Novels History
hllam@sbcglobal.net,Activities American Drama Art Brothers And Sisters House Literary Criticism Music
oechslin@comcast.net,Engineering Health Home Star Wars Films
gamma@gmail.com,Architecture Chocolate Industry Computers Engineering Performing Arts
jbuchana@gmail.com,Baggins Business Church Work With Youth Disciplines Home Plant Hybridization Political Science Science Social Policy
ganter@comcast.net,English Political Science Psychology
duchamp@msn.com,Activities Adventure Stories Auditing ChildrenS Stories Graphic Novels Language Arts Shipwrecks Study Aids Technology
philb@me.com,Adventure Stories Biography Cats Java Computer Program Language Machine Learning Pets Plant Hybridization Social Science Truck Driving
druschel@yahoo.com,Activities Auditing Biography Business Cats Cooking Music Political Science
gfxguy@outlook.com,Australia Autobiography ChildrenS Plays Chocolate Industry Drama Dressmaking Economics Mice Poetry
roesch@yahoo.ca,Australia ChildrenS Plays Plant Hybridization Religion
djpig@outlook.com,Architecture Games Health Home Mathematics Music Psychology Technology
carmena@comcast.net,Australia Graphic Novels History
seano@icloud.com,Activities Biography ChildrenS Stories Collectibles Cooking Foreign Language Study Health Juvenile Fiction Mice
pemungkah@optonline.net,Autobiography Computers Disciplines French Language History Neural Networks Computer Science Shipwrecks
ribet@aol.com,Brothers And Sisters Cats Fantasy Fiction French Language Machine Learning Social Science Young Adult Fiction
djpig@att.net,Art Economics Home
jaarnial@sbcglobal.net,Art Economics Engineering French Language Mice Reference Star Wars Films
telbij@comcast.net,French Language Java Computer Program Language Mathematics Science
heroine@msn.com,Adventure Stories Commerce Crafts Disciplines Games Juvenile Nonfiction Religion Social Science
seanq@sbcglobal.net,Cats Engineering Java Computer Program Language SelfHelp Truck Driving
akoblin@verizon.net,Activities American Drama Cooking Crafts Engineering Foreign Language Study Health Social Policy
tristan@optonline.net,Auditing Business ChildrenS Stories Foreign Language Study Pets Social Policy
dkrishna@msn.com,Activities Art Autobiography Brothers Economics Health Language Arts Poetry Shipwrecks
froodian@mac.com,Amusements Collectibles Comics English Middle Earth Imaginary Place Social Policy
sassen@hotmail.com,Baggins Cats Machine Learning Music Pets
nanop@aol.com,Brothers And Sisters Collectibles Economics Shipwrecks Study Aids
marnanel@gmail.com,Comics Graphic Novels Performing Arts Reference Star Wars Films
rmcfarla@hotmail.com,American Drama Brothers Business Collectibles Dressmaking Economics Java Computer Program Language Philosophy Shipwrecks
miturria@att.net,Crafts Health Language Arts Medical New Zealand Poetry Psychology Study Aids
akoblin@icloud.com,Brothers ChildrenS Stories Dressmaking Games Mathematics Star Wars Films Travel
gordonjcp@aol.com,Home Humor Music Philosophy Reference
aardo@verizon.net,Cats Education Foreign Language Study Pets Social Science
lahvak@icloud.com,Chocolate Industry Commerce Games Language Arts Law Neural Networks Computer Science
yangyan@msn.com,Auditing Autobiography Crafts Juvenile Nonfiction Mice Music Reference
atmarks@outlook.com,Brothers And Sisters Dressmaking Economics French Language Home Humor Performing Arts Truck Driving
geekoid@outlook.com,History Pets Poetry Truck Driving
dgriffith@att.net,Business House Social Policy Study Aids Travel
schumer@optonline.net,Auditing ChildrenS Plays Comics Disciplines Dressmaking Economics English
thurston@yahoo.ca,Pets SelfHelp Social Science
uncle@mac.com,Cats Machine Learning Music Plant Hybridization SelfHelp Star Wars Films
research@gmail.com,Collectibles Frodo Fictitious Character Law
markjugg@aol.com,Amusements Chocolate Industry Disciplines Economics House Reference
froodian@live.com,ChildrenS Stories Dressmaking Engineering Fitness Juvenile Nonfiction Law Shipwrecks
padme@outlook.com,Biography Philosophy Psychology Science
scitext@icloud.com,Collectibles Cooking Foreign Language Study Philosophy Reference Technology Truck Driving
rcwil@me.com,Crafts Fantasy Fiction Games History Juvenile Fiction Language Arts Music Shipwrecks Study Aids
kostas@verizon.net,Architecture Brothers And Sisters Economics Mathematics Plant Hybridization
fraser@att.net,Activities American Drama Computers Health
rjones@comcast.net,Brothers Computers Education Hobbies Literary Criticism Young Adult Fiction
starstuff@sbcglobal.net,American Drama Amusements ChildrenS Stories Economics Home Reference
cparis@mac.com,Church Work With Youth English Humor Java Computer Program Language Philosophy Shipwrecks
emcleod@hotmail.com,American Drama Autobiography Hobbies House New Zealand Political Science Psychology Reference Social Policy
jimxugle@gmail.com,Business Computers Cooking Drama Engineering Hobbies Law Poetry
rwelty@yahoo.com,ChildrenS Plays Cooking Middle Earth Imaginary Place Religion Science
wojciech@me.com,Biography Brothers And Sisters ChildrenS Stories Mathematics Middle Earth Imaginary Place Neural Networks Computer Science Religion SelfHelp
wkrebs@icloud.com,Antiques Art Australia Crafts Frodo Fictitious Character Home Java Computer Program Language Neural Networks Computer Science
jgoerzen@outlook.com,Business Drama Dressmaking History Hobbies
mccurley@comcast.net,Amusements Cats Commerce Dressmaking Neural Networks Computer Science Shipwrecks Study Aids
jimxugle@yahoo.com,Dressmaking Economics Education Fantasy Fiction Java Computer Program Language Juvenile Fiction Medical Social Policy
xnormal@optonline.net,Brothers And Sisters House Music Plant Hybridization Psychology SelfHelp Study Aids Young Adult Fiction
kludge@me.com,American Drama Business Psychology Reference Study Aids Technology
pontipak@hotmail.com,Juvenile Fiction Juvenile Nonfiction Literary Criticism Middle Earth Imaginary Place
maradine@sbcglobal.net,Chocolate Industry Commerce Computers Dressmaking Economics Philosophy Technology
johnh@live.com,Commerce Drama Fiction Hobbies Mice Performing Arts Technology Travel
johndo@yahoo.com,Brothers And Sisters ChildrenS Stories Disciplines English Fitness Political Science
zeitlin@optonline.net,Auditing Chocolate Industry Economics Performing Arts Plant Hybridization
sbmrjbr@gmail.com,Economics Middle Earth Imaginary Place Music Religion Technology
bader@aol.com,Cats Church Work With Youth Disciplines
skippy@aol.com,Activities Biography Brothers Cooking History Juvenile Fiction Philosophy
dowdy@live.com,Auditing Australia Business Education Foreign Language Study Law Literary Criticism Religion
kildjean@gmail.com,Auditing Brothers And Sisters Cats History Home Social Policy
nacho@icloud.com,American Drama Art Disciplines Fiction French Language Graphic Novels Music Technology
aprakash@comcast.net,Australia Social Policy Star Wars Films Truck Driving
microfab@live.com,Cats ChildrenS Stories Games Political Science
dwheeler@att.net,Auditing ChildrenS Plays Drama Frodo Fictitious Character Machine Learning Mathematics Medical Shipwrecks
ullman@sbcglobal.net,Chocolate Industry Fiction Frodo Fictitious Character Medical Poetry Political Science Psychology Truck Driving
hedwig@att.net,Amusements Business Disciplines Economics Fitness Foreign Language Study Hobbies Machine Learning Star Wars Films
gmcgath@hotmail.com,Collectibles Fitness Literary Criticism Neural Networks Computer Science Shipwrecks Truck Driving
ramollin@comcast.net,Language Arts Literary Criticism Music
gavollink@aol.com,Activities Antiques Computers Disciplines Humor Law Medical Study Aids
sravani@msn.com,Drama Foreign Language Study French Language Frodo Fictitious Character Literary Criticism Philosophy Psychology
squirrel@msn.com,Art Brothers And Sisters Chocolate Industry Commerce Crafts Humor Java Computer Program Language Mathematics Middle Earth Imaginary Place
marcs@yahoo.com,ChildrenS Plays Comics Drama French Language Graphic Novels Juvenile Fiction Law Social Science
dieman@outlook.com,American Drama Business Foreign Language Study Frodo Fictitious Character Humor Middle Earth Imaginary Place
itstatus@hotmail.com,Fantasy Fiction Language Arts Law Machine Learning Poetry Shipwrecks Social Policy Social Science
jfmulder@gmail.com,Collectibles Fitness Hobbies
srour@icloud.com,Amusements Australia Brothers And Sisters Business Commerce Frodo Fictitious Character Middle Earth Imaginary Place New Zealand Pets
epeeist@optonline.net,Architecture Crafts Psychology Science
dcoppit@yahoo.ca,Chocolate Industry Education Health Mice Poetry
improv@sbcglobal.net,ChildrenS Plays History Middle Earth Imaginary Place Pets Psychology Reference Social Policy Star Wars Films Truck Driving
larry@aol.com,Autobiography Brothers Dressmaking Reference Science
ccohen@verizon.net,French Language Juvenile Nonfiction Literary Criticism New Zealand
jramio@me.com,Cats Collectibles Engineering Fantasy Fiction Fitness House Medical
kiddailey@verizon.net,Amusements Chocolate Industry Church Work With Youth Dressmaking Social Policy
ccohen@me.com,Adventure Stories ChildrenS Plays ChildrenS Stories Drama Juvenile Nonfiction Travel
cantu@mac.com,Activities Commerce Computers Economics History Home Language Arts Social Policy
kmiller@hotmail.com,Chocolate Industry Church Work With Youth Computers Juvenile Nonfiction New Zealand Plant Hybridization Star Wars Films
kwilliams@sbcglobal.net,ChildrenS Stories Commerce Language Arts Political Science Religion Study Aids
dbanarse@outlook.com,Activities Baggins Chocolate Industry Machine Learning Philosophy Science Star Wars Films
rfisher@me.com,Biography Cooking Fantasy Fiction Java Computer Program Language Juvenile Fiction Language Arts Music Technology
dbindel@att.net,Adventure Stories Amusements French Language Language Arts Mathematics Performing Arts Pets
frosal@aol.com,Auditing ChildrenS Stories Church Work With Youth Graphic Novels Medical Pets Travel
bartlett@mac.com,Architecture Hobbies Plant Hybridization Political Science Shipwrecks
scottlee@yahoo.ca,American Drama Graphic Novels Mathematics
mnemonic@mac.com,Amusements Architecture Art Brothers And Sisters Commerce Cooking Fantasy Fiction Juvenile Nonfiction Medical
philen@yahoo.ca,Australia Computers Disciplines Economics Performing Arts SelfHelp Star Wars Films
stomv@live.com,English Juvenile Fiction Juvenile Nonfiction Literary Criticism Shipwrecks Social Policy
nachbaur@msn.com,English Foreign Language Study Pets SelfHelp
brbarret@msn.com,Antiques Baggins Mathematics Mice Reference Shipwrecks Social Science
barnett@me.com,Collectibles Disciplines Middle Earth Imaginary Place Performing Arts
gfody@verizon.net,Cats Hobbies Java Computer Program Language
pspoole@verizon.net,Cats Computers Crafts
ivoibs@verizon.net,Frodo Fictitious Character Language Arts Machine Learning
redingtn@sbcglobal.net,Adventure Stories Amusements Autobiography Fantasy Fiction Games Middle Earth Imaginary Place Religion Travel
jsmith@outlook.com,Art Commerce Juvenile Nonfiction Machine Learning Neural Networks Computer Science Religion Shipwrecks
danneng@me.com,Education Fiction Medical
uraeus@yahoo.com,Antiques Brothers And Sisters Cats Disciplines English Language Arts Reference
boein@att.net,French Language House Humor Java Computer Program Language Middle Earth Imaginary Place
cparis@outlook.com,ChildrenS Plays Chocolate Industry Comics Fiction Mice Plant Hybridization Social Science Study Aids Truck Driving
sburke@me.com,ChildrenS Stories Education Engineering
stecoop@comcast.net,American Drama Autobiography Collectibles Juvenile Nonfiction Performing Arts Philosophy Political Science
wainwrig@verizon.net,Baggins Comics Fiction Frodo Fictitious Character Psychology
gerlo@att.net,Activities Architecture Collectibles Fantasy Fiction Frodo Fictitious Character Games
sfoskett@mac.com,Games Political Science Technology
mlewan@gmail.com,Activities Architecture Australia Cats Juvenile Nonfiction Star Wars Films
seano@mac.com,Education History Reference
jpflip@live.com,Antiques Biography ChildrenS Plays Chocolate Industry Education Home Medical Social Science Travel
dmath@msn.com,Art Brothers And Sisters Cats History Literary Criticism Machine Learning Middle Earth Imaginary Place Social Science
ramollin@sbcglobal.net,Amusements ChildrenS Plays Commerce Hobbies Java Computer Program Language Social Science
miami@hotmail.com,Adventure Stories Fiction Juvenile Nonfiction New Zealand
parkes@msn.com,Cats Computers Humor Literary Criticism Mice Psychology Truck Driving
josem@comcast.net,Business Collectibles English Star Wars Films
thowell@icloud.com,Adventure Stories Education Java Computer Program Language Medical
drezet@optonline.net,Brothers ChildrenS Stories Engineering Mathematics Psychology Science SelfHelp Truck Driving
kmiller@yahoo.com,Comics Games Hobbies Music Philosophy
reziac@yahoo.ca,Engineering Fitness Science Study Aids
clkao@optonline.net,Antiques Collectibles Commerce Juvenile Nonfiction Music
barnett@comcast.net,Adventure Stories Medical Study Aids
janusfury@hotmail.com,American Drama Juvenile Nonfiction Language Arts Young Adult Fiction
pkilab@aol.com,Art ChildrenS Plays Church Work With Youth Crafts Dressmaking Games House Mathematics Pets
ryanshaw@outlook.com,Business Cats Law Social Policy Technology
sinkou@live.com,American Drama Amusements Art Australia French Language Java Computer Program Language Medical Religion
hermes@yahoo.ca,Collectibles Computers Health Performing Arts Study Aids
matty@icloud.com,Chocolate Industry Health Medical Neural Networks Computer Science Plant Hybridization
rhavyn@verizon.net,Baggins English Graphic Novels Juvenile Nonfiction Plant Hybridization Study Aids Young Adult Fiction
thaljef@outlook.com,ChildrenS Stories Disciplines Juvenile Fiction Juvenile Nonfiction Machine Learning Mathematics Reference Social Policy Study Aids
chrwin@aol.com,Antiques ChildrenS Stories Comics Commerce Disciplines Fiction Juvenile Nonfiction Pets Psychology
maradine@sbcglobal.net,Chocolate Industry Games Hobbies Reference Technology
crowemojo@optonline.net,Antiques Architecture Business Dressmaking Humor Machine Learning Music Religion Social Science
eimear@yahoo.ca,Adventure Stories Machine Learning Religion
karasik@outlook.com,Church Work With Youth Economics Shipwrecks
pmint@aol.com,Business Graphic Novels SelfHelp
jmgomez@gmail.com,Adventure Stories Economics History House Plant Hybridization Young Adult Fiction
hoyer@gmail.com,ChildrenS Stories Dressmaking Humor Juvenile Fiction Technology Truck Driving
rddesign@yahoo.com,Cats ChildrenS Stories Computers Crafts House Juvenile Nonfiction Pets Psychology Star Wars Films
gavinls@mac.com,Fiction Fitness History Star Wars Films
iapetus@icloud.com,Architecture Brothers And Sisters ChildrenS Plays Collectibles Graphic Novels Hobbies Law Music
wainwrig@msn.com,Cats Cooking Graphic Novels Plant Hybridization
ninenine@hotmail.com,Brothers And Sisters ChildrenS Stories Disciplines House Humor Juvenile Fiction Pets
tbusch@icloud.com,American Drama Economics Middle Earth Imaginary Place
kidehen@outlook.com,Activities Antiques Australia Brothers And Sisters Foreign Language Study Hobbies Reference Technology
ateniese@me.com,Art Disciplines Education Language Arts Law Machine Learning Young Adult Fiction
bigmauler@mac.com,ChildrenS Stories Collectibles Cooking Crafts Drama Technology
luebke@mac.com,Dressmaking Hobbies Literary Criticism Middle Earth Imaginary Place Philosophy Plant Hybridization Reference Travel
qmacro@yahoo.ca,Auditing Brothers And Sisters Disciplines Economics Education Health Humor Technology
cyrus@mac.com,American Drama Chocolate Industry Education Machine Learning Pets Political Science Young Adult Fiction
william@sbcglobal.net,Auditing Games Language Arts Literary Criticism
quantaman@sbcglobal.net,Australia Crafts Fantasy Fiction Fiction Juvenile Nonfiction Neural Networks Computer Science Star Wars Films Truck Driving
euice@optonline.net,French Language History Reference SelfHelp Shipwrecks Truck Driving Young Adult Fiction
claesjac@optonline.net,Amusements Architecture Commerce Technology
mdielmann@comcast.net,Australia Biography Church Work With Youth New Zealand Young Adult Fiction
dalamb@comcast.net,Cats Computers House Middle Earth Imaginary Place Music Reference Social Policy
ghost@mac.com,Biography Fantasy Fiction Hobbies Machine Learning Philosophy Technology
quinn@comcast.net,Brothers Commerce Social Science Young Adult Fiction
durist@me.com,Activities Adventure Stories Amusements Home Political Science
hoangle@mac.com,Autobiography Law Literary Criticism Performing Arts
raides@yahoo.com,Biography Business Drama Games Juvenile Fiction Religion
library@icloud.com,American Drama Auditing Drama Home Humor Mice Psychology Social Science
whimsy@optonline.net,Education Hobbies Java Computer Program Language Juvenile Nonfiction Pets Social Policy Social Science Young Adult Fiction
dcoppit@icloud.com,Activities ChildrenS Stories Comics Home Religion Science Social Policy
klaudon@me.com,Economics Language Arts Philosophy
schumer@outlook.com,Collectibles History House Java Computer Program Language Poetry Psychology Travel
tubajon@msn.com,Activities Comics Cooking Economics Plant Hybridization Poetry SelfHelp Young Adult Fiction
qmacro@mac.com,Art Hobbies House Music Young Adult Fiction
willg@optonline.net,Fitness Humor SelfHelp Star Wars Films
boein@comcast.net,Australia Fiction Language Arts Pets Religion
dbindel@yahoo.com,Antiques Collectibles Fiction Fitness Juvenile Nonfiction
dougj@icloud.com,Auditing Drama Foreign Language Study New Zealand Performing Arts
durist@outlook.com,History Religion Study Aids
maradine@hotmail.com,Biography Business Political Science
mugwump@me.com,Amusements Brothers Education
crusader@yahoo.ca,Hobbies Literary Criticism Religion
valdez@verizon.net,American Drama Crafts Engineering Fantasy Fiction Fitness Plant Hybridization Social Policy
nachbaur@yahoo.ca,Biography Church Work With Youth Hobbies Middle Earth Imaginary Place Study Aids Travel
report@yahoo.ca,American Drama Art Auditing Collectibles New Zealand Psychology Religion Social Policy
drewf@comcast.net,Comics Education Foreign Language Study Juvenile Nonfiction Poetry Social Science
alias@att.net,Amusements Disciplines Middle Earth Imaginary Place Music
ajlitt@optonline.net,Autobiography Church Work With Youth Music Religion Travel
world@outlook.com,ChildrenS Stories Java Computer Program Language SelfHelp Social Policy Social Science Star Wars Films
mschilli@msn.com,Church Work With Youth Reference Study Aids
jelmer@sbcglobal.net,Chocolate Industry Drama Star Wars Films Study Aids
quinn@mac.com,Computers Mathematics Plant Hybridization
shawnce@sbcglobal.net,Australia Business Philosophy Travel
jfmulder@yahoo.ca,Amusements Chocolate Industry Hobbies Social Policy
morain@optonline.net,Auditing Business Chocolate Industry English Mathematics Pets Shipwrecks Social Science
jimxugle@optonline.net,Business Fantasy Fiction Foreign Language Study French Language Hobbies Religion
citadel@hotmail.com,Activities Mice Philosophy
arnold@optonline.net,American Drama Brothers Commerce Performing Arts
lstaf@yahoo.ca,Cats ChildrenS Plays Chocolate Industry Frodo Fictitious Character House Law New Zealand Performing Arts Pets
ahmad@yahoo.com,Biography Home House Juvenile Fiction Social Science
miyop@me.com,ChildrenS Stories Computers Graphic Novels Literary Criticism Shipwrecks
jfriedl@mac.com,American Drama Literary Criticism SelfHelp Social Policy
bdbrown@optonline.net,Autobiography Biography Church Work With Youth
tellis@gmail.com,Drama Frodo Fictitious Character Health Language Arts Religion Shipwrecks Young Adult Fiction
csilvers@me.com,Art Cats Dressmaking Home Law Reference Star Wars Films
eurohack@outlook.com,Economics Machine Learning Mathematics Neural Networks Computer Science Science
aibrahim@sbcglobal.net,Art Economics Graphic Novels Health Hobbies Machine Learning Neural Networks Computer Science
comdig@outlook.com,Political Science SelfHelp Social Science Star Wars Films
thaljef@hotmail.com,Adventure Stories Commerce Fiction French Language Graphic Novels Juvenile Fiction Pets Poetry Star Wars Films
jdhedden@gmail.com,Business Cooking Health House Star Wars Films
wetter@yahoo.com,Computers Fitness Star Wars Films
scarlet@msn.com,Antiques Literary Criticism Social Science
pjacklam@outlook.com,Chocolate Industry Foreign Language Study Mathematics
brainless@yahoo.com,Home Neural Networks Computer Science Plant Hybridization Political Science
tjensen@live.com,Architecture Economics Education Machine Learning
thomasj@outlook.com,Amusements Chocolate Industry Disciplines Engineering Games Juvenile Fiction
kayvonf@optonline.net,Amusements Baggins Engineering Fitness Humor Philosophy
linuxhack@yahoo.ca,ChildrenS Stories Comics Cooking Home Juvenile Fiction Mathematics Technology
gerlo@att.net,Activities History Law Mice Neural Networks Computer Science Poetry
fraterk@sbcglobal.net,Chocolate Industry Frodo Fictitious Character Literary Criticism Science
pappp@msn.com,American Drama Auditing Disciplines Games Law Machine Learning Social Science
gamma@icloud.com,Brothers And Sisters Fitness Reference Study Aids
dmbkiwi@live.com,Australia Economics Engineering Middle Earth Imaginary Place Philosophy Plant Hybridization Science Study Aids Technology
fwitness@att.net,Adventure Stories Brothers Health History Literary Criticism Political Science
scarlet@comcast.net,Brothers Business Health Literary Criticism Machine Learning Reference Science
dleconte@att.net,Antiques Comics History
chance@outlook.com,American Drama Frodo Fictitious Character House Political Science Psychology
weidai@outlook.com,Baggins Computers Philosophy Plant Hybridization Political Science Technology
jadavis@yahoo.ca,Art Graphic Novels New Zealand Philosophy
pappp@live.com,Comics Fantasy Fiction Mathematics Medical
cisugrad@icloud.com,Activities Autobiography Crafts
mobileip@outlook.com,Adventure Stories Baggins Poetry Travel Young Adult Fiction
choset@comcast.net,Architecture Fiction House Juvenile Fiction Mathematics Middle Earth Imaginary Place
dprice@outlook.com,Frodo Fictitious Character Java Computer Program Language Shipwrecks
debest@aol.com,Computers Dressmaking Hobbies Java Computer Program Language Psychology Shipwrecks
william@me.com,English Home Mice Young Adult Fiction
cgcra@optonline.net,Activities Cooking Education English
novanet@comcast.net,Activities ChildrenS Stories Middle Earth Imaginary Place Truck Driving
esasaki@aol.com,Autobiography Biography Disciplines Engineering French Language Social Policy
timlinux@gmail.com,Auditing Hobbies Machine Learning
michiel@yahoo.ca,Amusements Cooking English Graphic Novels Home Machine Learning Pets
thassine@aol.com,Amusements Art Biography French Language Hobbies
syrinx@mac.com,Art Java Computer Program Language Literary Criticism Neural Networks Computer Science Star Wars Films
tattooman@yahoo.com,Baggins Fiction Fitness Machine Learning Mice Music Study Aids
gemmell@yahoo.com,Auditing ChildrenS Stories Fiction
jfmulder@outlook.com,Drama Psychology Science Star Wars Films
frederic@yahoo.com,Architecture Church Work With Youth Dressmaking Education Juvenile Fiction
neuffer@optonline.net,Adventure Stories Education Fitness Hobbies Juvenile Fiction Machine Learning Neural Networks Computer Science Social Science Young Adult Fiction
multiplx@att.net,Biography ChildrenS Plays Economics House Religion
thassine@aol.com,Baggins Comics English Middle Earth Imaginary Place Performing Arts Poetry Political Science
muzzy@gmail.com,ChildrenS Stories Disciplines Fitness Hobbies Mice Middle Earth Imaginary Place Music Philosophy Plant Hybridization
markjugg@verizon.net,Frodo Fictitious Character Literary Criticism Technology
seano@yahoo.com,Fitness New Zealand Psychology
grolschie@live.com,American Drama Church Work With Youth Disciplines History Hobbies Middle Earth Imaginary Place New Zealand Religion
roamer@att.net,Business Dressmaking Foreign Language Study Health Juvenile Fiction Literary Criticism Machine Learning Medical
wainwrig@aol.com,Autobiography ChildrenS Stories Chocolate Industry Comics Economics Neural Networks Computer Science Social Policy Technology
dcoppit@icloud.com,Activities Dressmaking Engineering Fiction History Juvenile Nonfiction Literary Criticism New Zealand Travel
mnemonic@hotmail.com,Activities Frodo Fictitious Character Juvenile Fiction Machine Learning Philosophy
kingjoshi@outlook.com,Health House Literary Criticism Music Performing Arts Plant Hybridization Truck Driving
nachbaur@me.com,Amusements Antiques Australia Mice Psychology SelfHelp
dougj@icloud.com,Auditing Foreign Language Study Juvenile Fiction Literary Criticism Reference Science
hampton@outlook.com,Amusements Business Disciplines Java Computer Program Language Social Science
goresky@icloud.com,Brothers ChildrenS Stories Fantasy Fiction Machine Learning Philosophy Psychology Religion SelfHelp
larry@gmail.com,Activities Autobiography Chocolate Industry Collectibles Crafts Fiction Fitness Medical Poetry
tkrotchko@msn.com,Antiques Biography Cats Chocolate Industry Fiction French Language History Poetry
kdawson@icloud.com,Adventure Stories Biography Graphic Novels Health Mathematics Music Star Wars Films
jgwang@comcast.net,Adventure Stories Baggins Fantasy Fiction Foreign Language Study Health Juvenile Fiction Performing Arts Political Science
atmarks@yahoo.com,Adventure Stories Language Arts Pets Science
pthomsen@me.com,Adventure Stories Antiques Chocolate Industry Health
onestab@comcast.net,Adventure Stories Australia ChildrenS Plays Home New Zealand Psychology Reference Social Policy Truck Driving
marcs@yahoo.com,Drama Social Policy Star Wars Films Young Adult Fiction
jfmulder@msn.com,Autobiography Cats Cooking Fitness Frodo Fictitious Character Health Juvenile Nonfiction Political Science Science
thowell@msn.com,Adventure Stories Comics Disciplines Economics Engineering Home Medical Mice Travel
scitext@att.net,Adventure Stories Baggins Cats Dressmaking Juvenile Nonfiction Mathematics Philosophy Reference
salesgeek@aol.com,Activities Adventure Stories Amusements Cats ChildrenS Plays Fitness Frodo Fictitious Character Juvenile Fiction Religion
khris@icloud.com,American Drama Auditing Brothers And Sisters Comics Fiction Health Medical Truck Driving
caronni@outlook.com,Chocolate Industry Commerce Disciplines Engineering House Social Science
bogjobber@me.com,Art Computers English Neural Networks Computer Science Social Policy Travel
csilvers@verizon.net,Antiques Cooking Disciplines Frodo Fictitious Character Graphic Novels House Religion Shipwrecks Truck Driving
rbarreira@hotmail.com,Commerce French Language Juvenile Fiction Juvenile Nonfiction Mathematics
grinder@sbcglobal.net,Art Cats Collectibles Cooking Crafts Drama Fiction Language Arts Study Aids
telbij@optonline.net,Australia Chocolate Industry Church Work With Youth Psychology
denton@live.com,Comics Drama Foreign Language Study Home Mice SelfHelp
sburke@outlook.com,Church Work With Youth Mice SelfHelp
jandrese@verizon.net,Activities Baggins Chocolate Industry Economics Home Java Computer Program Language Middle Earth Imaginary Place New Zealand
alfred@comcast.net,Dressmaking Hobbies Plant Hybridization Political Science
nasor@hotmail.com,Brothers And Sisters Collectibles French Language Hobbies New Zealand Study Aids
joehall@live.com,Fiction Juvenile Fiction Middle Earth Imaginary Place
dobey@yahoo.com,Chocolate Industry Collectibles Political Science Science Technology
karasik@msn.com,Crafts Games Literary Criticism Social Science Star Wars Films
pajas@sbcglobal.net,Activities Computers Disciplines Pets Star Wars Films
wetter@verizon.net,Cats Disciplines Drama Foreign Language Study Graphic Novels Home Middle Earth Imaginary Place Truck Driving
bhtower@yahoo.ca,Auditing Brothers And Sisters English Foreign Language Study Travel
kmiller@icloud.com,Art French Language House New Zealand Psychology Study Aids
zyghom@outlook.com,Activities Architecture English French Language Home Science
mbswan@msn.com,ChildrenS Plays Cooking Fiction Java Computer Program Language Literary Criticism Mathematics Plant Hybridization
syncnine@hotmail.com,Business Home House Juvenile Fiction Reference
dhwon@verizon.net,American Drama Fantasy Fiction Frodo Fictitious Character History Humor Pets Poetry Star Wars Films
wbarker@optonline.net,Chocolate Industry Collectibles Comics Disciplines Games New Zealand Study Aids Young Adult Fiction
citadel@me.com,Auditing Machine Learning Medical Middle Earth Imaginary Place
jsbach@yahoo.ca,Art Brothers Church Work With Youth Engineering Games Music Religion
frode@att.net,Auditing Cats Cooking Crafts Health Law Religion
sethbrown@att.net,Dressmaking Economics Education Fitness History Juvenile Fiction Medical Performing Arts
jonadab@mac.com,Autobiography Business Computers Foreign Language Study Language Arts New Zealand Pets Plant Hybridization Shipwrecks
dalamb@sbcglobal.net,Amusements Antiques Business Cats Disciplines Economics Home
qmacro@att.net,Adventure Stories Computers Juvenile Nonfiction Plant Hybridization Social Science
janusfury@yahoo.ca,Antiques Engineering Music Neural Networks Computer Science Political Science Religion
gslondon@att.net,Art Autobiography Brothers And Sisters Fiction Frodo Fictitious Character Middle Earth Imaginary Place Truck Driving
psharpe@msn.com,American Drama Commerce English Juvenile Fiction
keutzer@live.com,Chocolate Industry Church Work With Youth Crafts Dressmaking Games Music Travel
thomasj@verizon.net,Foreign Language Study Juvenile Nonfiction Literary Criticism Middle Earth Imaginary Place SelfHelp Social Policy
jeteve@aol.com,Biography ChildrenS Plays Education Machine Learning Poetry Star Wars Films
ilikered@mac.com,Amusements Australia ChildrenS Plays Commerce Foreign Language Study Literary Criticism
mirod@msn.com,Chocolate Industry Economics Engineering Performing Arts Religion Study Aids Technology
techie@hotmail.com,Activities Computers Drama Foreign Language Study Social Policy Star Wars Films Travel
jshearer@mac.com,Biography Drama Dressmaking Games Reference Science Shipwrecks Social Science Truck Driving
mirod@hotmail.com,Brothers Frodo Fictitious Character Health Juvenile Fiction Juvenile Nonfiction Medical Philosophy
cderoove@optonline.net,Antiques Hobbies Law
zilla@yahoo.ca,Amusements Antiques Brothers Comics French Language Frodo Fictitious Character Performing Arts Religion SelfHelp
daveewart@gmail.com,Brothers ChildrenS Stories Hobbies Performing Arts Philosophy Social Science
esbeck@sbcglobal.net,Architecture Cats ChildrenS Stories Church Work With Youth Cooking English Middle Earth Imaginary Place Music Travel
jbarta@mac.com,Fantasy Fiction Fitness French Language Humor Music Philosophy Plant Hybridization Social Science Young Adult Fiction
mglee@yahoo.com,Games History Political Science
torgox@optonline.net,Art Disciplines Education French Language Neural Networks Computer Science Truck Driving
ardagna@me.com,Architecture Comics Graphic Novels Health House Mathematics Pets Social Policy Young Adult Fiction
vlefevre@yahoo.com,Brothers And Sisters Collectibles Comics Home Philosophy Study Aids
oechslin@yahoo.ca,Collectibles Drama Fiction Middle Earth Imaginary Place Plant Hybridization Star Wars Films
attwood@icloud.com,Autobiography Biography Business Engineering French Language Home Juvenile Nonfiction Performing Arts Poetry
tubajon@me.com,Biography Computers Pets Travel
roamer@live.com,Activities Antiques French Language Hobbies Home Poetry Study Aids
nanop@sbcglobal.net,Amusements Baggins Computers Dressmaking English Frodo Fictitious Character Psychology Star Wars Films
dpitts@icloud.com,Amusements Antiques Commerce Cooking Hobbies Music Neural Networks Computer Science
ducasse@verizon.net,Activities Commerce Fiction Technology Travel
schumer@live.com,Amusements Autobiography Business Chocolate Industry Disciplines Foreign Language Study SelfHelp Social Policy
bsikdar@yahoo.ca,Adventure Stories Java Computer Program Language Neural Networks Computer Science
afeldspar@msn.com,Baggins Business Drama Games House Mice Social Policy Social Science
amichalo@sbcglobal.net,Comics Cooking Fitness Frodo Fictitious Character Graphic Novels Home Java Computer Program Language
ianbuck@yahoo.ca,Art Chocolate Industry Reference Truck Driving
wenzlaff@icloud.com,Disciplines Philosophy Truck Driving
novanet@aol.com,Antiques Crafts Philosophy Poetry Study Aids Truck Driving
jugalator@me.com,Australia Chocolate Industry Church Work With Youth English Home Middle Earth Imaginary Place
ilyaz@icloud.com,ChildrenS Plays Drama Fitness French Language Juvenile Nonfiction Law Poetry SelfHelp Young Adult Fiction
curly@att.net,Brothers And Sisters Collectibles Comics English Reference
mschwartz@icloud.com,Brothers And Sisters Computers Neural Networks Computer Science
sharon@sbcglobal.net,Art Juvenile Nonfiction Truck Driving
amichalo@optonline.net,Brothers Brothers And Sisters ChildrenS Plays Engineering Health
jemarch@mac.com,Engineering Mathematics Middle Earth Imaginary Place Social Policy
roamer@mac.com,Activities Autobiography French Language Home Juvenile Fiction Law Pets Study Aids Truck Driving
kildjean@outlook.com,Architecture Australia History Law Neural Networks Computer Science
xnormal@hotmail.com,American Drama Cats Drama Fantasy Fiction Graphic Novels Religion Science
marin@msn.com,Amusements Crafts Medical Music New Zealand SelfHelp Technology
clkao@me.com,Architecture Australia Home House Reference Social Science
dwheeler@sbcglobal.net,Cats Education Graphic Novels House Social Science Travel
panolex@outlook.com,Architecture Engineering Fiction Frodo Fictitious Character Graphic Novels Psychology Reference Travel
scottzed@icloud.com,ChildrenS Stories Comics Economics Home House Medical Philosophy Reference Shipwrecks
goldberg@verizon.net,Neural Networks Computer Science Poetry SelfHelp
gator@me.com,Education Law New Zealand SelfHelp
crimsane@hotmail.com,Activities Adventure Stories Autobiography Fiction Home Juvenile Nonfiction Political Science Shipwrecks Technology
jdhildeb@live.com,Architecture Australia Biography ChildrenS Plays Comics Computers Young Adult Fiction
dsugal@gmail.com,Activities Cooking Economics Literary Criticism Neural Networks Computer Science Study Aids
wildfire@aol.com,Medical Mice Neural Networks Computer Science Shipwrecks
warrior@hotmail.com,Activities Biography ChildrenS Plays Engineering Humor Performing Arts Philosophy Political Science Young Adult Fiction
uncle@live.com,Auditing Australia Biography Comics Fantasy Fiction Mathematics Technology
hstiles@hotmail.com,Australia Business ChildrenS Stories Church Work With Youth Economics Travel
linuxhack@msn.com,Architecture French Language Games Health House Travel
aibrahim@me.com,Activities American Drama Antiques Auditing Australia Baggins ChildrenS Stories Fantasy Fiction
snunez@mac.com,Amusements Cats Fiction Frodo Fictitious Character Graphic Novels History Home Humor Religion
jginspace@sbcglobal.net,Auditing Social Science Truck Driving
muzzy@sbcglobal.net,Education Fitness Mathematics Music Star Wars Films
uraeus@verizon.net,Antiques Chocolate Industry Neural Networks Computer Science New Zealand Travel
portele@icloud.com,Biography Health Psychology
chaki@att.net,Antiques Juvenile Fiction Machine Learning Shipwrecks Social Science Star Wars Films
fudrucker@live.com,Activities Adventure Stories Comics Poetry
bjornk@yahoo.ca,Architecture ChildrenS Plays Drama Java Computer Program Language Juvenile Fiction Reference Technology
sethbrown@gmail.com,Activities Amusements Art Education Fitness Frodo Fictitious Character Mathematics Social Science
dleconte@hotmail.com,Baggins Biography ChildrenS Stories Cooking English Foreign Language Study Humor Plant Hybridization Religion
wetter@verizon.net,American Drama Commerce Engineering Graphic Novels History Juvenile Nonfiction Mice
gravyface@live.com,Auditing Engineering Frodo Fictitious Character Performing Arts Social Science
preneel@live.com,French Language Graphic Novels Java Computer Program Language Machine Learning Pets
cfhsoft@mac.com,Cats Collectibles Home Neural Networks Computer Science
storerm@sbcglobal.net,Activities Adventure Stories Fiction Frodo Fictitious Character Law
gumpish@gmail.com,Autobiography Economics Hobbies Humor SelfHelp Study Aids
dleconte@verizon.net,Art Australia Baggins Collectibles Crafts Graphic Novels Performing Arts Political Science
sjava@live.com,Adventure Stories Auditing Autobiography Brothers And Sisters Business Health Language Arts Shipwrecks
british@hotmail.com,Adventure Stories Baggins Biography Business Language Arts Reference Study Aids Travel
rbarreira@hotmail.com,Art Baggins Chocolate Industry Crafts Education Frodo Fictitious Character Music Reference
oracle@comcast.net,Activities Auditing Biography Home Machine Learning Music Pets Plant Hybridization
dexter@aol.com,Activities Art Business Cats Chocolate Industry Computers Language Arts New Zealand
jmcnamara@aol.com,Activities Collectibles Hobbies Java Computer Program Language
gboss@aol.com,Antiques Art Autobiography Engineering Machine Learning Poetry Social Policy
hllam@outlook.com,Art Auditing ChildrenS Plays Health Humor Psychology Social Policy Technology
teverett@verizon.net,Disciplines Engineering Fantasy Fiction Reference
neonatus@yahoo.ca,Chocolate Industry Drama Java Computer Program Language Literary Criticism Machine Learning New Zealand Travel
hermanab@me.com,Activities Baggins Graphic Novels House Machine Learning Music
carmena@aol.com,Fiction Juvenile Fiction Machine Learning Middle Earth Imaginary Place Young Adult Fiction
miami@me.com,Amusements French Language Language Arts Religion
subir@yahoo.ca,Art Graphic Novels Hobbies House Plant Hybridization Social Policy
dbindel@aol.com,Brothers ChildrenS Plays Cooking Frodo Fictitious Character Hobbies House Truck Driving
mcrawfor@live.com,Art Auditing Health Home Law Machine Learning Middle Earth Imaginary Place Young Adult Fiction
michiel@mac.com,Economics Education Games Language Arts Law New Zealand Performing Arts Technology
lipeng@me.com,Australia Brothers ChildrenS Plays Fitness Hobbies Philosophy Science
jbarta@icloud.com,Biography Business Engineering Fiction New Zealand SelfHelp Truck Driving
kannan@sbcglobal.net,Adventure Stories Commerce Dressmaking Fiction House Plant Hybridization Science Social Policy
keiji@aol.com,Activities Language Arts Mathematics Neural Networks Computer Science
kwilliams@mac.com,Computers Graphic Novels Health House Juvenile Fiction SelfHelp
jschauma@yahoo.ca,Amusements Fiction Foreign Language Study History House Law Mathematics New Zealand Travel
empathy@mac.com,Amusements Brothers And Sisters Collectibles Crafts French Language
rupak@outlook.com,Chocolate Industry Collectibles Performing Arts
mcsporran@mac.com,Australia Autobiography Reference Science
subir@hotmail.com,Adventure Stories Australia Drama Fantasy Fiction Humor Performing Arts Philosophy Travel Young Adult Fiction
cgreuter@sbcglobal.net,Antiques Dressmaking Middle Earth Imaginary Place SelfHelp Young Adult Fiction
paley@msn.com,Adventure Stories Autobiography Java Computer Program Language Juvenile Nonfiction Law Political Science Psychology Social Science
punkis@mac.com,American Drama Amusements Chocolate Industry Comics Disciplines Dressmaking Frodo Fictitious Character Mathematics Mice
krueger@comcast.net,Activities Architecture Cats Computers Cooking Mathematics Music Neural Networks Computer Science Plant Hybridization
gward@hotmail.com,Activities Brothers And Sisters Business Economics Foreign Language Study Health Literary Criticism Science
vsprintf@msn.com,Amusements Cats Church Work With Youth Fitness Graphic Novels Plant Hybridization
unreal@outlook.com,Antiques Autobiography Law Technology
gastown@outlook.com,Chocolate Industry Graphic Novels Performing Arts Political Science Social Policy Young Adult Fiction
amimojo@comcast.net,Amusements Business ChildrenS Plays Cooking Dressmaking Humor Political Science
noneme@comcast.net,ChildrenS Plays Collectibles Disciplines Philosophy Shipwrecks
cumarana@sbcglobal.net,Baggins Frodo Fictitious Character Games Graphic Novels Juvenile Nonfiction
ajlitt@att.net,Art Juvenile Fiction Religion Young Adult Fiction
cliffordj@me.com,Adventure Stories Auditing Health Language Arts Psychology
mahbub@yahoo.ca,Antiques Australia Crafts Plant Hybridization Star Wars Films
harpes@sbcglobal.net,Adventure Stories Business English Health Language Arts SelfHelp Travel
osaru@sbcglobal.net,English Home Psychology
crowl@msn.com,American Drama Comics Disciplines Dressmaking Fitness Graphic Novels Pets
mirod@gmail.com,American Drama Auditing House Mice SelfHelp
wainwrig@sbcglobal.net,Chocolate Industry Fantasy Fiction Frodo Fictitious Character Hobbies Home Juvenile Fiction Middle Earth Imaginary Place Shipwrecks
pereinar@optonline.net,Antiques Autobiography Collectibles Engineering Fiction Juvenile Nonfiction Middle Earth Imaginary Place Shipwrecks Technology
ghost@gmail.com,Business Games Hobbies Law Plant Hybridization Shipwrecks
trygstad@icloud.com,Adventure Stories ChildrenS Plays Games Religion
esasaki@verizon.net,Architecture Baggins Cats Chocolate Industry New Zealand Political Science Reference Travel
munjal@me.com,Biography Cats ChildrenS Plays Engineering Juvenile Fiction Star Wars Films Study Aids
jkegl@verizon.net,Art Brothers Medical Mice
ralamosm@outlook.com,Computers Juvenile Fiction Philosophy
boein@icloud.com,Commerce Computers Engineering English Mice Pets
shang@yahoo.com,ChildrenS Stories Comics Computers Drama Economics Fantasy Fiction Reference Social Policy
uncled@sbcglobal.net,Comics House Machine Learning Music SelfHelp Travel
jschauma@optonline.net,Cooking Engineering Games Literary Criticism Mice
ranasta@me.com,ChildrenS Plays Collectibles Fiction Mathematics Music Science Shipwrecks
dcoppit@live.com,Auditing Economics English Young Adult Fiction
bonmots@outlook.com,Brothers Cats Collectibles Machine Learning Plant Hybridization Poetry
feamster@att.net,Art Engineering Frodo Fictitious Character Hobbies Neural Networks Computer Science
aglassis@aol.com,Engineering Fiction Frodo Fictitious Character Home
storerm@live.com,Activities Business Collectibles Dressmaking Juvenile Fiction Law
houle@gmail.com,Architecture Art Education
augusto@sbcglobal.net,Biography Comics Crafts Dressmaking House Psychology Travel
bonmots@live.com,Adventure Stories Australia Autobiography
philb@live.com,Brothers And Sisters Shipwrecks Social Policy
avalon@hotmail.com,Amusements Biography English Fitness Humor Neural Networks Computer Science Technology Truck Driving
camenisch@aol.com,Cats French Language Plant Hybridization Technology
cderoove@hotmail.com,Activities Auditing Chocolate Industry Fiction Health Hobbies Machine Learning Psychology
vganesh@me.com,Economics Fantasy Fiction Middle Earth Imaginary Place Science
evans@mac.com,Computers Engineering Juvenile Nonfiction
stern@icloud.com,Cooking Fitness Home Middle Earth Imaginary Place Star Wars Films Travel
ducasse@gmail.com,Fiction Home Java Computer Program Language Shipwrecks Star Wars Films Travel
sscorpio@sbcglobal.net,Law Mathematics Pets
whimsy@verizon.net,English Language Arts Philosophy Reference Shipwrecks
arathi@optonline.net,Comics Cooking Economics Mice
overbom@sbcglobal.net,Art Cats Home Humor Truck Driving
garland@aol.com,Chocolate Industry Comics Drama English House Humor Java Computer Program Language Law
dartlife@mac.com,Auditing Baggins Mice Middle Earth Imaginary Place
jramio@yahoo.com,English Frodo Fictitious Character Home Truck Driving
bartak@gmail.com,Adventure Stories Collectibles Drama Dressmaking Economics New Zealand
satishr@msn.com,Architecture Collectibles Comics Computers Crafts Drama Java Computer Program Language
claesjac@live.com,Computers Health Reference Social Policy Study Aids Travel
kudra@hotmail.com,Economics History New Zealand Political Science Truck Driving
sokol@comcast.net,Fantasy Fiction French Language Graphic Novels
stefano@outlook.com,ChildrenS Stories Games Poetry Science
martink@verizon.net,American Drama Baggins French Language Mice Political Science Social Policy Travel
malvar@aol.com,Adventure Stories Art Law Plant Hybridization Reference
amichalo@outlook.com,Australia Baggins Graphic Novels Hobbies Java Computer Program Language Study Aids Technology Travel Young Adult Fiction
pemungkah@sbcglobal.net,Baggins Cats Church Work With Youth Home Java Computer Program Language Law Medical Performing Arts Technology
natepuri@comcast.net,Brothers And Sisters Business ChildrenS Stories Medical Mice Social Science Technology
trieuvan@optonline.net,Drama Frodo Fictitious Character Mathematics Performing Arts
tamas@icloud.com,Biography Education English Games Humor Law Medical Middle Earth Imaginary Place Pets
skaufman@mac.com,Humor Performing Arts Pets
bcevc@sbcglobal.net,Chocolate Industry Juvenile Fiction Law Mathematics Poetry Travel
gilmoure@live.com,Collectibles Home Plant Hybridization
hillct@comcast.net,Juvenile Fiction Political Science Technology
jwarren@optonline.net,American Drama Architecture Art Drama Dressmaking Foreign Language Study House Juvenile Nonfiction Technology
bancboy@sbcglobal.net,Economics Juvenile Fiction Law Mathematics Social Policy
parkes@me.com,Dressmaking Fitness Games Machine Learning Religion SelfHelp Study Aids Technology Truck Driving
stakasa@aol.com,American Drama Architecture Brothers Collectibles Music Philosophy Plant Hybridization Political Science Star Wars Films
monopole@gmail.com,Commerce Literary Criticism Shipwrecks Young Adult Fiction
mdielmann@aol.com,Business Mathematics Mice Psychology
ganter@att.net,Art Cats Dressmaking French Language Language Arts
tubesteak@optonline.net,American Drama Amusements Cats ChildrenS Stories Fiction Graphic Novels Language Arts Mice Shipwrecks
bancboy@icloud.com,Activities Amusements French Language Law Music Philosophy Star Wars Films Young Adult Fiction
gfxguy@icloud.com,Biography Brothers ChildrenS Stories Chocolate Industry Collectibles Crafts Mathematics Medical Religion
fwiles@msn.com,Antiques Baggins Brothers And Sisters Business Cats Church Work With Youth Cooking Mathematics SelfHelp
qrczak@mac.com,Adventure Stories Cooking Engineering Fantasy Fiction Frodo Fictitious Character Poetry Travel
cgcra@mac.com,Commerce English French Language Java Computer Program Language Juvenile Fiction Psychology Science Shipwrecks Star Wars Films
stomv@outlook.com,Baggins Disciplines Engineering English Frodo Fictitious Character Medical Neural Networks Computer Science Performing Arts
satishr@verizon.net,Commerce Cooking Engineering History Juvenile Fiction Mathematics Star Wars Films Travel
jbearp@hotmail.com,Activities Architecture Australia Fiction Neural Networks Computer Science
howler@me.com,Cats Crafts Travel
eimear@hotmail.com,Adventure Stories Mathematics Psychology Technology
jkegl@hotmail.com,Dressmaking Engineering New Zealand SelfHelp Social Policy
dialworld@outlook.com,Auditing Australia Brothers Fitness Reference
kdawson@optonline.net,Frodo Fictitious Character Language Arts Plant Hybridization Star Wars Films Study Aids
gozer@aol.com,American Drama Auditing Crafts Dressmaking Engineering Java Computer Program Language Medical Technology Truck Driving
kudra@hotmail.com,Mice New Zealand Poetry Study Aids
leviathan@aol.com,Australia Brothers And Sisters Home Language Arts New Zealand Science
bahwi@att.net,Disciplines Mice Religion
wkrebs@yahoo.ca,Autobiography New Zealand Star Wars Films
esasaki@gmail.com,Baggins Chocolate Industry Economics Fantasy Fiction Neural Networks Computer Science Psychology
haddawy@aol.com,Economics French Language Neural Networks Computer Science Religion Star Wars Films
johndo@msn.com,Adventure Stories Antiques Autobiography Collectibles Engineering Medical Neural Networks Computer Science
british@gmail.com,Brothers And Sisters ChildrenS Stories Collectibles Fitness Juvenile Nonfiction Language Arts Reference Truck Driving
nogin@comcast.net,Antiques Computers Education Foreign Language Study Law
maratb@mac.com,Art Biography Economics New Zealand Performing Arts Social Policy
gtewari@aol.com,American Drama Commerce Education English Language Arts Mathematics Middle Earth Imaginary Place Social Science
stomv@hotmail.com,Adventure Stories Baggins Chocolate Industry Education Fantasy Fiction Home Literary Criticism Shipwrecks Study Aids
luvirini@hotmail.com,Architecture Brothers Business Computers French Language Juvenile Nonfiction
munjal@icloud.com,Juvenile Fiction SelfHelp Truck Driving
jeffcovey@mac.com,Collectibles Comics Hobbies Neural Networks Computer Science Pets
hakim@msn.com,Baggins Church Work With Youth Cooking Disciplines Juvenile Nonfiction Performing Arts Religion Technology
rohitm@gmail.com,Activities Architecture Autobiography Fiction
clkao@live.com,Disciplines Education Machine Learning Psychology Religion
singh@aol.com,Activities ChildrenS Stories Humor Language Arts Travel
jesse@verizon.net,Amusements Cats Commerce Engineering Games Java Computer Program Language Neural Networks Computer Science Plant Hybridization SelfHelp
kobayasi@icloud.com,Activities Church Work With Youth Dressmaking Economics Law Mice Study Aids Truck Driving
wojciech@yahoo.ca,Disciplines Java Computer Program Language Law Reference Science Social Policy
dkasak@mac.com,Architecture ChildrenS Plays English Graphic Novels Medical Mice Philosophy Reference Technology
xtang@aol.com,Biography Cats ChildrenS Stories Economics French Language Humor Machine Learning Mice Performing Arts
suresh@att.net,Economics Fantasy Fiction Graphic Novels Humor New Zealand Poetry Political Science
ramollin@me.com,Chocolate Industry Church Work With Youth Computers Fitness Performing Arts Social Science
muadip@icloud.com,Dressmaking Economics Engineering Fantasy Fiction Java Computer Program Language Music Neural Networks Computer Science Social Policy Young Adult Fiction
jguyer@sbcglobal.net,Antiques English Fiction Games Music Study Aids Travel
isaacson@att.net,Activities Amusements Autobiography Dressmaking Philosophy Religion Young Adult Fiction
murty@mac.com,Activities Antiques Autobiography Foreign Language Study Health New Zealand Performing Arts Psychology
qmacro@hotmail.com,Adventure Stories Biography Brothers Cooking Juvenile Nonfiction Machine Learning Psychology Reference Young Adult Fiction
thaljef@me.com,Brothers And Sisters Comics Foreign Language Study Hobbies Juvenile Nonfiction Law Mice
ccohen@msn.com,Chocolate Industry Graphic Novels Juvenile Nonfiction
erynf@icloud.com,Antiques Australia Business Computers Java Computer Program Language Music
nacho@gmail.com,Brothers And Sisters Fiction Fitness French Language Frodo Fictitious Character Juvenile Nonfiction Reference SelfHelp Truck Driving
ilyaz@icloud.com,Activities Hobbies Social Policy
kingjoshi@hotmail.com,Australia Baggins Performing Arts Reference
dunstan@sbcglobal.net,Architecture Cooking Political Science
draper@optonline.net,Architecture Brothers Fitness Juvenile Fiction Neural Networks Computer Science Shipwrecks
jugalator@hotmail.com,Auditing Baggins Cats
spadkins@me.com,Autobiography ChildrenS Stories Young Adult Fiction
caronni@comcast.net,Education English Home Psychology
pkplex@icloud.com,Drama Fiction Law
zyghom@verizon.net,ChildrenS Stories Hobbies Juvenile Fiction
willg@outlook.com,Adventure Stories Cats Disciplines Language Arts Performing Arts
gastown@hotmail.com,Brothers And Sisters Cooking Fantasy Fiction Fiction House Machine Learning
hakim@live.com,Autobiography Brothers And Sisters Church Work With Youth Crafts Games SelfHelp
mrobshaw@gmail.com,Australia Java Computer Program Language SelfHelp
tfinniga@verizon.net,Adventure Stories SelfHelp Shipwrecks
kudra@yahoo.ca,Art Brothers Commerce Disciplines Dressmaking English Health New Zealand Shipwrecks
froodian@me.com,Activities Australia Cats Disciplines Economics Juvenile Fiction Medical Plant Hybridization Reference
roesch@comcast.net,Foreign Language Study Hobbies Pets Reference Social Science
sethbrown@msn.com,ChildrenS Plays Chocolate Industry Humor Mathematics Reference
sravani@icloud.com,Baggins House Medical Plant Hybridization Reference
bflong@msn.com,Auditing Business ChildrenS Stories Commerce Games Health House Medical
kdawson@verizon.net,Adventure Stories Autobiography Biography Dressmaking French Language Humor Poetry Political Science
slaff@me.com,Antiques Business Comics Law Philosophy Travel
podmaster@verizon.net,History Performing Arts Reference
jonathan@msn.com,Activities Brothers Brothers And Sisters Drama SelfHelp Technology
paina@gmail.com,Art Engineering Medical
chrisk@gmail.com,Amusements Auditing Cats English Poetry Social Science
makarow@verizon.net,Disciplines Graphic Novels Literary Criticism
tellis@yahoo.com,Education English Hobbies Music Neural Networks Computer Science Psychology
esasaki@icloud.com,Brothers Brothers And Sisters Drama Religion Travel
leslie@icloud.com,ChildrenS Plays Church Work With Youth Collectibles Comics Education Neural Networks Computer Science
eimear@icloud.com,American Drama Cats Fantasy Fiction Performing Arts Plant Hybridization Religion
pjacklam@optonline.net,Activities Auditing Brothers Graphic Novels Language Arts Performing Arts
dieman@me.com,Fantasy Fiction Home Juvenile Fiction
pavel@verizon.net,Australia Dressmaking History Machine Learning Plant Hybridization Shipwrecks
frederic@verizon.net,Health Home Star Wars Films
seemant@outlook.com,Autobiography Biography Disciplines Frodo Fictitious Character
novanet@yahoo.ca,American Drama Autobiography ChildrenS Plays Foreign Language Study Religion SelfHelp Study Aids
jfreedma@me.com,Biography Church Work With Youth Computers Graphic Novels History House Machine Learning New Zealand Political Science
wagnerch@icloud.com,Brothers Fiction Games Java Computer Program Language Music Performing Arts Plant Hybridization
fmerges@att.net,ChildrenS Plays Dressmaking Hobbies Law Medical Pets Poetry Study Aids
kewley@comcast.net,Art Computers Philosophy Shipwrecks
onestab@yahoo.com,Adventure Stories Comics Computers Juvenile Nonfiction Study Aids
policies@hotmail.com,American Drama Baggins Fitness French Language Frodo Fictitious Character Literary Criticism
fukuchi@yahoo.ca,Collectibles Hobbies Technology
cantu@att.net,Brothers Machine Learning Young Adult Fiction
arnold@outlook.com,Commerce French Language Mice Religion
facet@gmail.com,Brothers Crafts Dressmaking Humor Language Arts Mice Plant Hybridization
itstatus@live.com,Australia Home Music Travel
flaviog@live.com,Activities Engineering Fantasy Fiction
pmint@sbcglobal.net,Activities Business Church Work With Youth House Juvenile Fiction SelfHelp
miturria@optonline.net,Baggins Biography ChildrenS Stories Economics French Language Graphic Novels Language Arts Shipwrecks
gtaylor@msn.com,Comics History Home Mathematics Psychology Reference Study Aids
mnemonic@att.net,Business Cats French Language Star Wars Films Study Aids
ghaviv@yahoo.com,Crafts History Juvenile Fiction
hmbrand@att.net,Autobiography Biography ChildrenS Plays Chocolate Industry Hobbies Humor Truck Driving
peoplesr@aol.com,Engineering Mice Religion Science Young Adult Fiction
satch@yahoo.com,Auditing Drama Middle Earth Imaginary Place
chronos@aol.com,Baggins Computers Home New Zealand
zwood@live.com,ChildrenS Plays Neural Networks Computer Science SelfHelp
paley@gmail.com,Antiques Commerce Engineering Frodo Fictitious Character Juvenile Fiction Juvenile Nonfiction Mice Performing Arts
airship@outlook.com,Antiques Brothers Brothers And Sisters Church Work With Youth Disciplines Music Reference
jshirley@att.net,Collectibles Engineering Fantasy Fiction Law Literary Criticism New Zealand Psychology Science Young Adult Fiction
fukuchi@yahoo.com,Cats Church Work With Youth Social Policy
erynf@optonline.net,Baggins ChildrenS Plays Cooking Economics Hobbies Home Machine Learning Performing Arts Study Aids
notaprguy@mac.com,Cooking Fantasy Fiction Java Computer Program Language Juvenile Fiction Pets SelfHelp
amichalo@yahoo.com,Literary Criticism Mathematics Psychology
grdschl@att.net,Computers Disciplines Engineering French Language Law Pets Study Aids
netsfr@verizon.net,Activities Adventure Stories Computers English French Language Machine Learning Performing Arts Study Aids Technology
dbanarse@gmail.com,Art New Zealand Pets Star Wars Films
russotto@msn.com,Adventure Stories Brothers And Sisters Church Work With Youth Poetry
cvrcek@comcast.net,Cats Crafts Disciplines Pets Psychology
dhrakar@icloud.com,Amusements Church Work With Youth English Music New Zealand Reference Study Aids
rasca@aol.com,ChildrenS Plays Drama Engineering Literary Criticism Mice Middle Earth Imaginary Place Travel
arachne@mac.com,Architecture Machine Learning Reference
sblack@att.net,Chocolate Industry Frodo Fictitious Character Home Science Study Aids
eminence@icloud.com,Brothers Computers SelfHelp Shipwrecks Travel
agapow@sbcglobal.net,Art Auditing ChildrenS Stories Cooking Drama Foreign Language Study Frodo Fictitious Character
slanglois@yahoo.ca,Adventure Stories Amusements Auditing Neural Networks Computer Science SelfHelp
aschmitz@comcast.net,Brothers And Sisters Dressmaking Economics Music Neural Networks Computer Science Performing Arts
zeller@mac.com,Economics Neural Networks Computer Science Travel
sherzodr@mac.com,American Drama Church Work With Youth Commerce Mathematics
sassen@mac.com,French Language Mathematics Mice Performing Arts Plant Hybridization Religion SelfHelp Social Policy Technology
purvis@att.net,Adventure Stories Amusements Architecture Education Fitness Language Arts Star Wars Films Truck Driving
trygstad@live.com,Amusements Education Machine Learning New Zealand
leocharre@msn.com,Activities Brothers Cooking Crafts Java Computer Program Language Law Pets Star Wars Films
wetter@icloud.com,Adventure Stories Autobiography Disciplines Fantasy Fiction Foreign Language Study Games Mathematics Poetry Religion
chrisk@gmail.com,ChildrenS Plays Computers Crafts Economics Mice
crypt@comcast.net,Adventure Stories Architecture Collectibles Computers Hobbies House Neural Networks Computer Science Philosophy Poetry
grady@outlook.com,Amusements Economics Fitness Foreign Language Study History Plant Hybridization
reziac@att.net,ChildrenS Plays Pets Science
phyruxus@comcast.net,Biography Graphic Novels Performing Arts SelfHelp
syrinx@aol.com,Antiques Brothers ChildrenS Plays Commerce Crafts
breegster@comcast.net,Drama Dressmaking Juvenile Nonfiction Neural Networks Computer Science Psychology Religion Social Policy
jdhedden@outlook.com,Amusements Art ChildrenS Plays Dressmaking Hobbies Mathematics Music Social Policy Young Adult Fiction
gbacon@icloud.com,Amusements Auditing Machine Learning Middle Earth Imaginary Place Psychology Science Travel
dwendlan@icloud.com,Cooking Foreign Language Study Humor Political Science
cremonini@outlook.com,ChildrenS Plays Comics Education Fantasy Fiction Graphic Novels Hobbies
drewf@optonline.net,Architecture Performing Arts Reference SelfHelp
cantu@att.net,Economics Education Fantasy Fiction Pets
mfburgo@gmail.com,Adventure Stories Architecture Drama English Games History Language Arts
sinkou@msn.com,American Drama Brothers Fantasy Fiction Science Social Science Truck Driving
fbriere@hotmail.com,Activities American Drama Commerce Computers Economics English History Home Star Wars Films
boser@optonline.net,Art Brothers And Sisters Economics New Zealand
damian@mac.com,Baggins Church Work With Youth Fiction Mice Social Policy
pkilab@live.com,Brothers Collectibles Dressmaking Machine Learning Medical Study Aids
cosimo@yahoo.ca,Adventure Stories Antiques Australia Humor Law Science
pjacklam@sbcglobal.net,Biography Church Work With Youth Crafts Education Humor Law Machine Learning Study Aids Truck Driving
ribet@me.com,Autobiography ChildrenS Stories Health SelfHelp
flavell@gmail.com,Architecture Australia Brothers And Sisters Foreign Language Study Juvenile Nonfiction Literary Criticism Medical
paley@yahoo.ca,Adventure Stories Brothers Frodo Fictitious Character Games House Religion
iamcal@comcast.net,Cats Chocolate Industry Commerce Music Pets Young Adult Fiction
jandrese@hotmail.com,Comics Health Medical Music Performing Arts Philosophy Technology Young Adult Fiction
xnormal@verizon.net,Brothers And Sisters Church Work With Youth Mathematics Philosophy
grdschl@icloud.com,Auditing Autobiography Commerce Foreign Language Study Hobbies
chaikin@comcast.net,Activities History Home Java Computer Program Language Poetry Social Science Young Adult Fiction
twoflower@live.com,Fantasy Fiction Literary Criticism Machine Learning Reference Study Aids
british@sbcglobal.net,Auditing Brothers Games Graphic Novels Juvenile Fiction Music Psychology Social Policy Travel
rande@comcast.net,Comics Engineering Humor
dwsauder@att.net,Adventure Stories Australia Computers Disciplines Education French Language Language Arts Mice Music
rmcfarla@live.com,Auditing Biography Disciplines Medical Social Policy
lamprecht@comcast.net,French Language Machine Learning Mathematics Truck Driving
stern@msn.com,Computers Music Star Wars Films
marnanel@sbcglobal.net,Amusements Antiques Art Brothers And Sisters Education Travel Truck Driving
stellaau@yahoo.ca,Adventure Stories Architecture ChildrenS Stories Engineering Graphic Novels Juvenile Fiction Machine Learning Middle Earth Imaginary Place
heroine@comcast.net,Collectibles History Pets
shawnce@icloud.com,Comics Cooking Games
danneng@me.com,Activities Graphic Novels Middle Earth Imaginary Place Performing Arts Technology
jeffcovey@sbcglobal.net,Computers Education Hobbies House Middle Earth Imaginary Place Music Performing Arts Shipwrecks Study Aids